-3.362302239,-1.797765808,-4.06573141,0
-8.631413012,0.8871307112687642,-2.008904681,0
-8.150991735,2.313911277628871,-4.536491822,0
0.25972697898069474,3.6454528108876842,0.6449145537870533,0
5.697003422716503,-6.174129102,2.011708205887745,0
-3.424050455,-4.353985746,-2.894248324,0
-1.557762661,0.2808267111487272,-5.825749204,0
4.504132434770936,2.3283121986522994,-7.681218431,0
7.441260968977998,9.479445880152916,5.8938978557982535,1
-0.899624179,-5.353763108,5.2722586346556835,0
-2.015884735,6.112225351912137,1.0413748903843014,0
4.8831951824185635,1.7818319858720093,3.5328658409597407,1
0.052500104,8.929352469529176,0.6345604635180996,1
2.009946817223508,9.415753485281272,-6.738795306,1
-6.352424992,4.846983540790056,-5.865617026,0
9.718105928246462,-2.068094904,-3.737274057,1
9.614710132401923,7.402573957172121,9.337794802,1
4.5302232913769265,-4.306128425,9.550324765,1
-1.340016855,4.012281978981976,4.736259839,0
-0.775050465,3.0703968517304014,4.611033357832634,0
1.8821276557781472,-5.497003953,1.491190871,0
6.631929483435152,-3.472839299,-0.748172702,1
-2.175767759,9.246318642396709,3.361473785062177,1
2.0373091812055524,-3.849580372,2.6962459564590864,0
-3.371663303,0.15915279137175592,-3.179230392,0
3.3821664747324984,2.8829540830747047,-1.041493778,1
1.9800335633082264,-5.465307544,-7.456287964,0
2.1969585063226846,0.8333674768626452,3.1751571844605317,1
11.91572387431971,4.722397434952069,-4.564111127,1
5.585081440479264,-6.579537053,-2.307923024,0
-0.341208027,8.566713608246832,-3.72377411,0
-4.132192693,-0.492262622,-3.317391432,0
5.633179610532535,-5.399657542,-5.737343262,0
-2.189100224,-2.490162253,9.647660269084929,0
4.747104034628804,0.43775620692595446,-6.127177594,0
4.2218148820077355,-5.001076737,-7.723855484,0
5.940148961761508,1.584713059624248,4.604294118904095,1
1.593638264715106,4.284153059513455,-3.255127967,0
-5.171214209,3.407972591408135,-4.017048321,0
-3.447748889,-2.277662518,0.087395795,0
-1.769969556,-6.874756467,-3.218092014,0
-11.11701576,3.1261572551359373,-8.010288278,0
-5.521916697,0.260825396,-3.697814982,0
7.715072977033679,-6.464284549,1.3352543467459146,1
-0.196414091,-5.840467489,2.6163833026587686,0
-0.857731656,3.8589527560683368,4.1175207698186576,0
10.81617974640345,6.682639747,-1.84590919,1
-1.196895888,5.4982979794355655,3.276318653612989,1
3.20065763,-8.084780222,-0.121630622,0
-3.690154546,1.3996229952161912,-0.490751948,0
4.550894540462959,1.5860910759565103,3.9316398105448807,1
-2.332095484,-4.72223128,-2.050248466,0
-0.085102069,1.895758677775409,11.29654475345426,1
-0.211285758,-4.779725002,-1.729908878,0
-2.317979873,2.407407368867311,-7.703985072,0
0.3163099710016586,0.78253269,1.1609051810013788,0
-2.986580345,-1.189608649,-7.120304545,0
-2.466599417,-2.71430738,2.0802502313071276,0
-5.780912159,3.9059905085499667,7.4724227224568445,0
-10.34992513,2.1312936538905047,3.3845401751512276,0
-3.187185128,-1.986359072,-0.664402888,0
-1.488954397,-1.545064845,-8.380019032,0
5.761657824,5.398092960184106,-4.066821296,1
-7.332121639,2.6053243822637926,-2.878939849,0
0.7097658166038984,-1.596642086,3.457693755350933,0
3.4737457182800298,-3.627986892,-6.916819777,0
-7.914691987,3.051896895536026,-5.944296289,0
-2.534081771,-2.981570192,-0.262836481,0
-9.681399029,0.9438929839691428,2.619455119171028,0
0.44211043522330706,-1.554430858,0.48700083134391703,0
1.9952317282006509,-13.86296378,9.779561541253472,0
1.9504666134396322,-3.262042912,-1.954766876,0
2.4687088867459424,-0.580519695,-10.15342234,0
10.322464306796597,-0.552703286,5.1008635585789985,1
-3.460249239,7.681885271228989,1.431718444461398,0
3.044219172377254,-5.226266831,6.0557264484135045,0
3.449090822673942,6.509231147824992,-3.140437798,1
-2.405135592,11.519583488419709,-5.300079114,0
-0.679748503,5.684456813013476,0.488624839,0
2.914768398766468,-1.997245146,1.8502794392375939,0
-6.532634259,8.290653398,-0.590820226,0
-3.40089102,3.3319154101595716,-2.303598937,0
-6.671292357,-6.733587529,3.4688657634506628,0
-0.797867191,-0.668507798,5.3887190298813135,0
-5.634129044,-3.653388764,-1.924399046,0
0.471757947,-0.210857256,-1.434435962,0
-0.30813201,-0.536526381,-3.598021943,0
-4.064964943,1.3725817886196976,-4.454575415,0
-5.786776296,-1.561461256,-0.788335081,0
11.283617486491046,-3.523501379,4.716303624847474,1
3.735941671023159,-5.944724776,3.8662648870129983,0
-5.919403201,-13.29586119,3.031597621796904,0
-8.779452917,2.254672309029574,-3.420054489,0
8.297753980949361,5.342546996580046,-2.266929019,1
-3.439188055,-6.070387015,-2.204613161,0
-1.401777476,-1.823467722,0.7835192763618198,0
2.892607488644392,1.748272285,-3.82071962,0
-7.188957369,6.8226592405123565,-3.447245923,0
-3.261468,-2.605946562,-9.215347751,0
-2.38987002,-2.39827907,3.1017914917175626,0
3.4922857455366803,0.018854445,4.659241870571519,1
1.699824919,-0.078410558,0.8046408414911149,0
-0.953267468,-1.97424757,-1.338667684,0
-5.640056657,1.4022085265814799,-4.965618055,0
4.208156320368182,-1.247292901,0.2474749082504537,0
2.4691838814047817,3.2165723253146394,-7.853117043,0
-1.034518381,4.400894560403911,-8.490529097,0
1.936402376975317,-11.27782115,-5.112534218,0
0.1931527592009405,-8.283575512,-4.927553688,0
-7.359175037,8.240674661037797,0.8211387774366697,0
2.836451389263347,-1.113375503,-1.767158744,0
-8.082370943,-1.459186814,-3.807461059,0
4.289619621461681,5.705509333287867,7.332893577870888,1
4.262759697,-2.993269685,-5.57948493,0
3.8333159082254302,1.7814640873614445,-8.842692253,0
1.7774089637188453,4.072599112439332,0.2946279459081498,1
-0.925268355,-4.038242438,-7.232673498,0
4.001489746700138,-1.545572224,-1.167333308,0
8.663605934595665,3.422505534295952,1.8541250064055104,1
0.7103090259361783,7.599974303828864,8.597946537080972,1
4.647525557397641,2.9111229569896215,-10.47301536,0
0.6186095711675329,-0.650534771,0.4697661469278436,0
4.715230436612589,-13.69838584,-2.846560267,0
1.3495217747038069,-2.33422773,-7.084530566,0
4.344817434483977,1.384359529,-4.855522852,0
1.574086022579119,4.107928560248979,0.026463231496804268,1
4.002824017154984,0.39130087580830675,-1.976144913,0
-5.797102582,-0.429653835,0.9714646902288583,0
4.379163807936655,-0.575537342,2.287078031104954,1
-4.823060069,-3.913145779,-0.551946495,0
-5.27314232,4.101239186623406,2.3156516465930355,0
1.3954788219622671,1.6945206260797228,10.105217807423987,1
-2.34432094,-11.00720643,0.9965009844823259,0
-0.253017705,-2.587595213,-4.894149297,0
-2.195947609,0.9066921460891064,-2.514083503,0
12.062268397718743,-4.802521908,-3.965586814,1
-11.4431002,1.257422075107685,-10.08203314,0
-2.697273167,-1.378352673,-3.548639829,0
8.694363387272555,4.9719719565774945,6.595684381507878,1
-4.412094093,5.642970322572842,2.480004731719811,0
3.8570297433842278,5.147194143913836,-4.54381623,1
-2.121588105,4.312980056642256,-13.27809546,0
7.566640412866025,2.765660321,-0.228519803,1
1.1025382787858664,-5.149676417,-1.749716823,0
5.501421691101869,6.490109861631106,13.481120262817898,1
-0.369623331,-3.292764834,-2.57116983,0
-5.090209376,-0.38927378,1.9136621500613407,0
-0.171211403,5.4817342283289925,-1.171079007,0
-1.737253262,-2.906342384,-8.163172631,0
-7.838838622,-5.895789653,6.507140358323804,0
4.476301364449649,6.8748203319649495,-6.661058273,1
-9.843123449,-3.300281601,0.8790947664801401,0
2.4934513745491373,5.239860779840264,1.421398354036073,1
8.713343903278156,-1.113028405,-4.56539609,1
-8.406091077,-4.44485679,1.210589804925615,0
-4.443601287,4.683712317676286,7.061638530187215,0
-11.84793453,4.320261502,-11.19802029,0
2.0074952754514372,6.124352820968299,0.3242805317178809,1
-6.398445866,-2.927156021,-1.308227229,0
-0.911223919,-1.014484204,-0.549413897,0
1.0674002445508444,-6.042868269,-1.210099149,0
7.591305851778527,-1.923227116,-2.219180466,1
5.390986518571189,-12.79592333,5.906893006441429,0
-3.15951879,0.8196428622629331,0.48160677960598414,0
4.712340596101969,-1.337973731,-3.390128908,0
6.489228953255494,-11.82086909,0.10167090852621624,0
-6.739627113,-3.807866941,10.056283407315686,0
-0.222977132,0.9753484857569059,-8.907814279,0
-3.645223294,0.9827870036439246,1.7737884655660905,0
3.084432771966394,0.043139495,2.6350210422732983,1
2.268909563,-9.148702055,0.18502860955074765,0
3.8395120386635186,2.9493991036725973,-1.81929405,1
-4.028132538,-5.591559622,-0.655270058,0
5.665399397798609,-9.759020507,-3.299458649,0
-5.699012277,3.9247876062025004,-2.771548133,0
-2.353188291,-1.08474785,2.2269662544739868,0
-1.961944991,-15.23071527,2.716559456937598,0
2.1952147883602127,-1.097705142,-5.420183103,0
1.7589005534067914,1.8961776676779338,-2.350164414,0
-1.083657353,-4.650782513,-0.89294546,0
-7.752146725,2.086594105159177,-4.721842454,0
1.1905157391615606,-7.029814581,-2.950288229,0
-0.552447025,-8.303499059,0.5757393657004608,0
-1.895737814,-8.711780989,-6.516213771,0
3.025600420410833,4.477779928,-0.659543199,1
2.0238090602024874,1.1192178165645534,1.6481149106386903,0
6.429920035401465,-7.534991991,3.382303661808116,0
-1.910044778,-1.121294671,-1.511248652,0
-1.875735583,-6.130980959,0.9166959962880062,0
8.354715163944286,-0.280665102,-0.006925214,1
-3.436495186,-0.587372732,2.330832130170154,0
-1.851212204,-2.269020205,2.016322700816234,0
-4.590023849,1.2624831353843622,4.101608986307109,0
6.799742708397422,-0.451910036,6.837986199033567,1
5.172049432,-4.981063202,-6.089692558,0
-1.524818189,5.144677462974271,-0.361435038,0
-3.003287788,7.761215900242804,1.434522440016732,0
-11.60297138,1.5858031314634438,2.600203072854339,0
1.128043272355519,2.2485605011599628,-0.336378045,0
-6.591979348,-1.853520016,-4.728078978,0
-4.663704554,-6.315341746,2.262445463198232,0
0.48948072706313545,-2.240826813,-3.246689639,0
-0.117115525,5.395973640562445,-10.02107858,0
1.8843826042544638,-2.72855987,-9.422929225,0
-9.728515416,-4.563917471,1.0975477789652264,0
1.965314669900458,-4.694907863,5.085104957066223,0
7.114917483,1.980432924782801,-2.957013339,1
5.622095922551841,3.7769784783166918,4.337037057,1
-3.282318375,-14.17277253,10.583955107418376,0
-8.054392017,-0.178840359,11.903726756098752,0
1.652883781,4.746232367791178,-7.511982847,0
-8.888334774,-2.66351396,5.453748672,0
-1.731247238,-3.973181605,0.9898364497248373,0
5.409676092386326,-7.224700995,-6.052714971,0
-3.943346273,5.473191873560457,1.1741076297436595,0
10.660767052852218,4.6822286291555795,-0.175475884,1
6.32538919,1.057485064,-3.524606763,1
3.3998742212255118,-3.481633269,-1.451985504,0
6.638913479789915,-0.506407431,-4.015706937,1
-2.321688457,5.108952927943365,-2.762703367,0
-1.934354234,-2.551463698,0.9196274717015497,0
-1.927448802,-8.009180245,-4.435904709,0
-4.663945208,6.216596922275775,4.063370210545212,0
2.9362968969991297,-2.526791586,-4.07895771,0
-2.537588008,-5.259400513,12.486001957935036,0
-11.22660824,2.8200426753690455,-6.42276149,0
-0.521717457,-4.940009712,-5.888144812,0
-5.700981505,8.774930768710293,-0.664942112,0
-3.828510972,2.778934820414365,0.051746572831496765,0
3.600168796708264,-9.12128328,1.518019522310007,0
3.8634741855119086,-8.307991456,2.2409764221165624,0
8.480907864140804,-0.074288517,4.107029685124056,1
3.3528522515545496,-3.537528488,0.19883367293247584,0
-7.834973554,-2.256515186,1.3284398748311796,0
3.615502468688991,0.12306062623955809,3.599918650715827,1
-5.514531065,-0.508486373,0.096396923,0
9.247956233398183,-1.070833281,-2.49508319,1
0.10675611921774304,-4.595567224,0.9637692453260809,0
-1.825276083,-8.95663774,-0.292932756,0
-1.58771547,-8.16211651,-0.335670773,0
7.446779810372401,2.6065187413785686,3.059635963655789,1
-6.707483628,2.3844918446111123,0.7422479069003904,0
2.6452261916721582,2.1131431085441283,-6.798903628,0
-0.207004058,-3.789354302,-0.250420471,0
-4.487004635,6.562351835704981,-4.294861942,0
-4.494710782,0.37293203271776765,-5.385495347,0
-2.123316512,-4.149822988,7.055860319448058,0
3.9290191341558627,-0.287347592,-1.956085261,0
4.704588072875567,2.0260204016144403,2.4902620234142834,1
-0.130961187,-8.441150139,-0.562329913,0
-2.662449596,3.2252763672993847,5.059212164970946,0
-3.289755224,2.3419261713852584,8.679394988428566,0
-3.338563603,8.409608700365688,-4.262929236,0
0.11479877803975722,-0.055728059,0.057494499350311874,0
-4.18839021,-2.955915519,-3.338601432,0
1.6348129770222868,1.6501755725515581,11.129721658691293,1
6.854945031455607,-2.549216211,1.6243480789809304,1
4.985589903958798,0.15300912169258904,-0.348207892,1
0.2578747138494452,4.336383144042139,-4.241602614,0
-1.628347344,2.3521657242324094,1.5572353577707776,0
1.1979137992819566,-1.849005832,4.862678945712685,0
10.669341236022687,2.032077468381031,-0.965883508,1
3.7787014444727127,-2.695663184,-3.748451724,0
0.16404373806855901,-12.91398316,-5.769751818,0
-1.73980928,-6.766944291,-5.163215509,0
-2.183741687,-8.214826468,-2.030358981,0
-2.676350823,0.1270260419250801,5.7709201524700955,0
0.8625220824643296,0.10531010671031812,0.49727228515355876,0
1.1369638756056424,-5.083693243,-0.573876624,0
1.5437562091830657,-6.853799913,4.328264614079266,0
5.406880172290949,-3.156879942,-1.206688957,0
-4.390951714,3.4969024179390855,-5.306111437,0
-1.112385051,-4.294599539,0.2547713850564475,0
-8.971146357,6.632308211828467,-4.823032121,0
0.29947341558138024,-1.062615224,-3.81057256,0
-4.438900683,4.681992717762298,-2.628202966,0
1.3558509231865545,-4.007484427,-3.235907159,0
2.361235750439244,4.652042480555582,-0.876582012,1
-7.109599358,9.989780398750023,-4.282746541,0
-7.707936998,12.97212293884076,-2.020161469,0
-7.308663441,-3.417198834,1.837724480111345,0
0.9515577879696985,-4.258645986,9.113618000639796,0
-2.60789839,-5.923432952,4.803466992303298,0
6.645314232698412,-4.087465488,-7.006736465,0
5.1521913370780235,-10.23661807,-6.133108297,0
4.837230750251175,-0.27676274,-1.319686743,1
1.7640830324718917,-0.763872118,-6.493433611,0
6.380376730030938,6.625070264434076,1.0266628188897984,1
0.22567007716005139,11.69812403010029,-1.382164225,1
-1.297884909,1.822406246202528,7.3566097807116915,0
7.963853772087418,-1.292863158,1.5416562297967262,1
-6.890417335,-1.55988054,-4.201451977,0
-5.034158761,8.407883581336637,-3.961433309,0
-2.65802954,1.829243939584291,6.489126334867928,0
2.4055756319441772,13.796775570107911,-0.373339891,1
1.2935822011487303,1.3780033699202818,7.175246933945773,1
2.536194755548076,-0.581148502,-4.737442975,0
1.222217279808163,7.006724156459798,-2.051908968,1
2.644718092082911,1.2307389434242209,4.317598291906573,1
-4.023768703,11.733235152632808,-6.395805535,0
-1.82775545,4.690462704528228,1.4836658624705668,0
4.149930795405516,-2.48051167,-0.374024913,0
0.061159918194086935,7.846298072679522,3.452145121915245,1
3.983360541823357,-3.289630463,4.844413192815254,1
1.1279083178440177,6.945726578389637,10.07030077459234,1
-1.53382888,-2.031515652,-4.320224956,0
-0.717897559,-1.910127245,1.7975219978550507,0
-0.722834085,-1.807996404,5.322925680639258,0
-4.689401156,2.1655397657567184,-2.029708636,0
3.6218425243498222,6.926307733611152,-1.515491267,1
2.205164536365757,0.8939643286658993,-3.997111998,0
1.2039375487096922,1.4456025263940608,2.0643541022308733,0
-0.991994484,0.47096150155073285,-5.738054724,0
-1.790570377,2.7798133985489897,4.462369436657651,0
-2.111574121,0.5235701471664216,1.140266625620336,0
1.0073997335221643,2.703867926501951,-9.090388152,0
-0.246620351,1.1951680062338246,-5.001651745,0
8.369928535,0.8077963361908398,7.817023725144647,1
-3.952615109,-4.536500608,1.1212611048284096,0
-8.393441814,1.0748279531304676,0.48609616001459016,0
5.078326407710506,3.5052067058254854,-2.087386749,1
-5.487483274,8.561526106716483,-3.960575103,0
-5.227622785,-5.424280297,5.586526577683323,0
-2.594501022,-3.768522331,0.6884491295167366,0
-1.034723553,-3.390477304,3.769957334892398,0
5.326577460489974,4.926587544699334,3.834598348305995,1
2.013127655650176,-8.87944,8.346254031884843,0
1.5099460517877648,3.040782138003207,5.574811614737011,1
7.1667625144099585,2.0919900565459626,2.177730796478268,1
-2.996121387,0.165448756,-4.270806304,0
-3.599702661,-4.467872012,-0.780119455,0
5.245465939600051,15.854873866450898,0.9474981877395673,1
-6.742065439,6.324916649,-1.503919382,0
-3.30304297,1.0492473896152765,-6.203122998,0
1.1123158200430339,-0.441877616,0.4918895340773783,0
1.9070812710458542,0.33746128620403404,0.081690421,0
1.4215725949897227,2.0770031308556343,-5.157412302,0
-7.149956293,-0.308190261,-7.16367745,0
0.4376573546083543,4.693734378,3.0355583595802296,1
-5.240852034,-4.30131226,1.6415064750037769,0
-2.006489026,-1.583276475,2.9845324062397696,0
-4.936433467,-2.00617355,-4.00041238,0
-5.21564749,-4.285390943,3.3873108467320585,0
0.2591019474121078,-4.395803144,-1.155508038,0
-8.194036536,-3.666564038,10.747872674336435,0
-0.451219248,3.6582946351519623,-0.327441876,0
1.7408461762090433,3.316290448,-5.523082988,0
-0.154681286,7.8943259720824415,-3.97750275,0
-2.832199269,-1.538456387,1.3451203658812334,0
2.6245893182294133,6.337058274093284,2.497491167343297,1
-0.310265629,6.295835648054069,3.5205551107079107,1
-7.478397581,12.631841201779991,8.849606941,1
-0.841071114,1.8895505086923752,6.6217937499791955,0
-0.861003963,3.651758951885097,5.5228923678573825,1
-5.074129539,-3.011659268,4.607041989052906,0
2.3040723857441527,4.618982801569734,-0.662840073,1
-1.445026055,-9.993197378,-5.730002133,0
0.23533047329246848,4.122786097821182,2.6558918326784764,1
-0.64120987,-1.358857832,1.0858981631914006,0
0.3910559054607609,7.022727575,0.7322038523912493,1
-7.406229811,-6.362790675,7.593796685,0
-5.855802307,3.822487265167668,-1.341863676,0
-0.84879147,-0.670663914,6.106924797295992,0
-0.964209143,-0.166596414,-7.654017487,0
1.0334525585400165,2.6552125348902984,1.1957279032689352,0
6.989481305433677,0.2758567739011587,1.494887280595088,1
8.242520051340895,-7.750070947,-2.279126739,0
7.130793760096331,4.680645741555412,3.3919004942023516,1
4.163253697322392,1.6353310456051104,8.157987137661358,1
1.8887958486535894,1.1993355294763928,0.7947933706282163,0
0.9643197777519301,-5.785086404,3.853365272316717,0
-0.652198669,9.109575489,-0.378252353,1
2.104591420878283,1.2330109313066722,-3.127785176,0
4.960684142592529,9.525318202800088,-0.073886098,1
-1.502393928,-1.775143655,-9.461809467,0
-0.889065719,1.2549905800416197,5.273789625901414,0
4.800238705749639,-2.082495412,-1.384114974,0
5.619526528072195,-0.867319485,-2.550147699,1
6.9625922471713615,5.187928335,0.093958959,1
-2.968887239,-10.0594016,2.9485180278736194,0
-4.481848613,-9.813660046,7.924102637,0
3.2398389550494415,-5.695040966,-6.072006915,0
4.354808910858098,-4.389853083,6.480749337639416,1
3.082296563130776,2.6829826028341177,2.0234772780715016,1
0.9572543601195589,4.402555995885552,-2.270401813,0
0.4297598671719234,3.7597329383859783,2.814948592930639,1
-5.974934026,-2.502048337,1.2640175270957728,0
-2.040073545,8.873292804866665,-1.965765974,0
-0.811092238,3.8471508908865193,1.6526637161745787,0
-0.726372286,-3.782467644,1.5075702869838308,0
5.195482201891963,2.395476120491143,-3.890917607,1
8.683874784883553,-7.23288945,-7.913428209,0
4.802786122286141,1.1292023930134505,-2.747492732,1
-5.492853638,11.60399919640149,0.5854543607772098,0
2.6710058542288575,1.5894254861909078,2.1740397886557896,1
2.7004723026240294,3.662120048774381,-1.876112004,1
-1.458209932,-8.705114042,-3.901522033,0
1.3555639822335743,5.225116877513453,2.995197632,1
-1.703461719,-6.31586456,-13.88679573,0
5.758669873903996,-2.946144933,-2.242325031,0
0.6578698395403436,-7.027800237,-1.748910901,0
10.11735974884987,2.5269346928867136,1.796245782567282,1
-7.91247239,11.218009472913202,-7.113974543,0
9.611623777221993,-10.57528008,7.026827193622101,1
8.090271345001128,-4.122045607,2.112901861364414,1
2.7374028605233254,-4.068972416,-7.245588054,0
-6.588586716,2.705041099799038,-0.425578013,0
-2.821505167,4.833840055832301,2.5403395469573886,0
-3.777313632,-6.006007595,2.6163086934403843,0
-2.687916843,0.4960243126575121,7.881494863138588,0
2.511641200373898,-4.311334999,0.8033059490988641,0
-4.763224764,8.042610779743619,-2.807893748,0
1.0363537348680931,1.538662873,0.7962523418685121,0
-9.792744776,-7.23210532,-2.261751378,0
1.5971591666576532,-0.688896071,-4.785737366,0
-6.742121596,-2.007787722,-2.342380223,0
2.5641822879637832,-1.631592311,3.013538282146648,0
-2.973248849,-1.279788346,-1.740231898,0
-3.911834835,3.125593282168651,-4.067979985,0
-2.60820755,-0.36559823,-6.48689828,0
-1.624674792,-3.556531799,-1.940770962,0
-0.299640013,-3.999568116,-1.100378899,0
6.543343761760896,-0.128992791,5.726310865096123,1
1.7324722100338037,3.870803049094082,-3.872294844,0
0.5245358254275636,0.6695646130773796,-3.063128694,0
-4.114141621,-7.45132694,7.480698185,0
-4.862014447,6.731105366111501,-2.337465868,0
-4.312466499,3.112595701524988,-3.155959709,0
2.8422945946213845,-1.664058824,2.402122480588934,0
-4.84093032,4.156755289923842,2.439863413315023,0
-4.59825345,13.214678605073708,2.7006151320024703,1
11.452335352652694,8.001339093743795,-0.944173901,1
-2.061358773,-2.017295917,-9.150142752,0
-3.479175597,1.233830119899853,7.629787804424042,0
-3.863859415,4.410282996815053,-6.262966708,0
-2.931600126,-2.288202971,1.8590554074874674,0
2.2865482336040563,4.8117087240717265,3.854184802024683,1
1.2158410770124586,1.9518247175431118,7.942653455487663,1
-2.554630906,3.8736415953358105,-9.040719632,0
2.056671214488043,-2.416247712,0.012855912157550126,0
5.200431225268516,0.823219048,4.425937706044636,1
7.368824075692024,1.9454698443286027,5.8552053231024415,1
-1.632804888,-0.041049411,-2.613097082,0
5.214887973,2.0704567689679756,-2.536172309,1
0.773344168,5.207841944092909,-0.196339955,1
-4.744664054,0.659558779,-9.902827955,0
3.843853221997375,-2.106637937,-2.346553681,0
4.378478393897534,-6.825814386,9.735493214101789,1
-2.401210209,-2.616254717,5.106123715835816,0
3.5434763655521326,12.25614859537538,-1.056029918,1
-0.602033193,-7.3965799,-1.660511387,0
-3.607156478,-2.243835066,-8.720938783,0
8.303037799,-7.083017412,-14.01101399,0
-5.942122108,-3.019197764,-5.747770316,0
5.491517703662562,-0.689195893,0.12692802203229495,1
3.0519588215270637,1.4300626348905898,4.892836487230215,1
-5.547387768,-2.737590503,3.329835730347689,0
-12.67277231,-6.875922397,2.504961160899733,0
-2.401245175,4.680537750548488,4.045901484265814,0
-5.990464401,2.033285437334406,6.008489278337532,0
0.7371720082548595,-4.887324386,4.39694971,0
3.1771226327699775,2.7130539174939816,3.579694467184958,1
-14.9730643,4.4046878054048575,9.040659052894878,0
2.183192373146465,0.9636449824986342,3.4821933669571963,1
1.6911273684255765,3.258906309,0.007355001,1
-3.833524273,-5.021613561,-4.990958641,0
-6.865212755,-5.338710055,8.806330637099315,0
3.7704783182812136,-3.125136953,-1.95196347,0
0.5627876545322714,-3.277725147,0.3375842858716243,0
3.88802069,-0.178713668,1.6800787133099606,1
4.432457696798079,-1.36065878,1.4239529956718158,1
-1.546887964,-0.142644349,-1.623651325,0
-2.644349268,0.8685592649351171,2.8327265790910623,0
0.7315222300052213,2.4936347915596597,-3.689658901,0
-6.018675961,2.0852175148380176,3.439406955873773,0
0.24928633299911324,6.740178902123594,4.538493989939493,1
13.402854203845003,-1.00404257,-4.99424398,1
-3.700683954,-2.827489032,2.3801569171905728,0
-10.79034282,6.592755090454183,-1.196482956,0
-1.233967789,-5.39671583,-0.571127757,0
0.066198838,-0.609724638,1.695296279712152,0
-2.94816021,-4.479078802,2.7416406524898997,0
0.49333726907897835,0.985905276,5.295136272209832,0
-5.112821956,-4.276202286,6.286098254144971,0
-7.414416788,-6.547060732,4.089309155924979,0
1.1910009601101932,0.5261606852963793,-0.458297041,0
0.1563377351378474,-0.460560573,6.777213512972091,0
-1.990740644,-0.806867681,8.972244026125368,0
0.13754851014917902,11.160081947625889,-0.524898505,1
6.837074912300793,-8.276720192,0.7682223040783319,0
-7.922367816,4.222271533022932,-6.064339081,0
1.4188477719167274,-1.410979383,-5.791015926,0
-8.096799914,-2.555202318,8.703147229476654,0
-1.467425274,4.586107711,-0.285214338,0
4.383633868452262,-9.134556892,-2.015941534,0
4.747027618966094,-0.816274744,-0.432276414,1
-2.152309559,5.746896917,1.4875717697747295,0
0.22011138087673987,3.2152727266964636,2.9411246455896833,0
1.062935232187683,7.735157484954223,-0.301437668,1
1.39040524,-3.214762767,0.750576135,0
7.9388076187268375,-3.216288009,-5.667964128,0
4.983798214099078,-0.743830761,0.48002102484885006,1
-0.225566518,0.3956086196476754,4.252653417617191,0
-4.195620953,-5.058870421,0.42484068518853835,0
-8.032198447,-6.86526768,9.333415741658136,0
3.7873416503070194,-0.050282359,6.190034679792199,1
-5.20299615,-1.578015617,3.1172680471219123,0
4.453358407156974,2.564584234138882,-12.70619404,0
-4.840410588,2.385340461784326,-1.779757465,0
12.701158103795859,4.632791504835482,2.790409403093329,1
-5.584747769,-0.176483698,1.2060198210947626,0
5.638918150639012,4.405655485498162,5.164945972599728,1
-4.619560079,7.0607584914931545,-6.902153762,0
-2.679572808,2.153855674728207,-0.749457959,0
-5.03018429,-4.107749128,-7.741271614,0
2.6598731950359564,6.302844225210746,-0.501967517,1
-2.001744075,-7.361614642,4.566009621260888,0
11.056521666197465,-8.987279022,-5.317164691,0
-3.397965213,-2.821589548,1.136729750717405,0
8.071247736401137,5.042986434300518,2.6379869138715795,1
-3.61964352,-5.598141168,-3.983876532,0
7.740334006893693,-0.308716507,-2.234181268,1
-0.918778651,4.123091098192338,-6.564248373,0
7.074370679612112,0.7823812847314948,-1.081719891,1
2.214230568733695,1.0919853656496852,-1.720982282,0
-1.26355336,-4.344312734,3.281953754296512,0
-2.659969047,-4.781292112,0.8293176132676866,0
6.645706413727766,-0.241723119,-3.040506285,1
2.019480104179869,9.683562312,-7.259527647,1
1.911013938926468,1.025433126159269,5.807669017795586,1
4.954545868424226,-0.933545559,-8.422586277,0
4.032818839481298,-4.175963451,-4.733702055,0
5.741752903455631,-4.554251888,7.0142237005012165,1
1.6792236070265651,1.595592000431412,1.5363239025279551,0
-8.192118129,-8.881943082,1.077765268943424,0
2.8400367961321002,0.41305516078100507,-4.107672585,0
0.094610519,-0.410170766,-4.785790491,0
5.0698607705608065,-8.651380308,2.9437120340375325,0
1.9216170260562264,5.048559274058571,-5.026559362,0
0.507035733,10.85582474659083,3.3103714449985318,1
0.502906044,2.695806370570983,0.4308842119006001,0
10.95449007,4.918180978945897,-0.428074771,1
1.2616571569226063,-1.95398998,6.049250632051525,0
-7.030523857,-8.023692649,7.293573748379968,0
10.765598962852913,2.3415245384479584,0.5636897061786863,1
3.2863384515238865,-3.235267632,0.8562177257610625,0
0.19454352928107516,3.132821253726803,-7.789992641,0
-2.535173849,4.2249780150041865,-3.377969138,0
-4.966806877,10.21036074913477,0.19059000089700182,0
-2.8945907,-8.461852187,3.646731731402131,0
3.495680768593469,-1.493798003,-5.511150955,0
-0.122747118,-4.179280337,-4.710467944,0
-0.516063757,-5.256951993,1.233244776262231,0
3.0399625470319864,-4.198162236,-6.841225477,0
7.806397994779035,-4.70135118,-3.299713526,0
1.0650858371494367,2.996846862611485,-1.281584468,0
2.303971638506278,-2.004930789,-4.855853324,0
7.131584303935137,12.44220807165564,8.479847665070846,1
0.7090331957672723,9.167176809078391,1.7785175786199223,1
-2.386431352,2.331897871909894,-0.471962532,0
-4.915590919,-4.491609857,4.010258694,0
-9.232659908,3.0206837022134208,-8.147918014,0
-10.60588222,-9.194233019,9.83381986,0
-0.981169825,0.43291590082709547,7.096275229554756,0
4.670898742498625,-6.957526347,4.345031714093805,0
0.9209063235177315,-1.708390488,0.12145457068890195,0
6.399060103140109,-4.42983241,2.004428395520606,1
-0.048286183,-8.985823077,-4.011265859,0
0.9660677661684823,6.486710445464453,5.006655086733648,1
2.986062522017125,-4.076378306,9.006069954042674,1
1.0762023381980574,-5.031827608,-0.914524904,0
4.4812421267807965,0.038087491590790536,4.434323432913805,1
5.518469787310751,2.002653422993531,-4.288513115,1
0.6772733159499027,0.22582928,9.296731669258142,1
-8.131609689,-0.674112255,-2.920467734,0
1.6755281009799945,-12.1878218,5.574622797,0
0.068742437,-9.223505818,-1.805565674,0
3.044811708272621,-7.957239377,0.016111082215778495,0
-5.287368239,-2.779925159,0.13369191337318465,0
0.9172512679078815,-2.353712491,1.3639819476513206,0
4.089888036274028,-1.394571376,7.157838787246455,1
7.311070853902097,-2.143510328,-3.189202782,1
-8.320864926,-0.632846658,-1.817188901,0
3.895256100664958,-7.54830803,-1.386956959,0
4.843721965555726,-3.651785478,-3.811807684,0
-7.234701674,13.102869230091196,-3.73736589,0
-6.501734161,-4.01925202,-3.871475402,0
-1.346948892,4.126861160437574,-1.491615845,0
-4.614116575,-7.256692491,0.10928679109935685,0
0.21269537014895362,7.654661755144123,0.4622386773490429,1
-0.495041556,-5.253269183,-1.529762875,0
-2.19237229,-1.850820823,-4.796276963,0
2.691648016380884,-0.712227088,-1.0017674,0
-8.57023058,2.4682204376243195,2.4350766299018973,0
-4.195647014,4.950606919395969,-6.82379115,0
-0.109349544,-1.356036699,-6.585873944,0
0.9485130603999787,8.512850761208956,0.3381711503345988,1
-2.315108771,2.2351207844283913,0.5285999773357747,0
0.13881065812750742,-2.127711064,7.109877796462324,0
2.281816817403927,-2.643353295,-0.540019184,0
-3.704333521,-3.04145575,-3.203628621,0
-5.671557969,3.886384818839777,-1.455207316,0
2.7706378916338488,-3.350629489,-0.301812472,0
-3.555202984,3.5983408526866585,-1.242096534,0
-3.65436793,-8.208516144,1.378332746703872,0
-3.541925262,-0.078896086,-2.45865054,0
4.770947904493824,2.720723762,2.2360604372741575,1
-3.080605617,2.3314502177509473,8.574158043380214,0
-4.160930171,0.8616956961459439,-8.246084872,0
6.992810460627678,-1.989560493,3.9128944042098874,1
-8.616141254,8.987696935629524,-1.78435764,0
2.7282866173501374,0.754091032,-1.277353931,0
8.428961513296517,-8.240231032,1.4935682999600446,1
4.553228361149851,-0.149280608,-0.590853922,1
-0.71343856,-6.138182102,0.19063692047467326,0
2.5635876173619936,0.3429961374033026,-1.361380506,0
-2.448625112,-1.396483346,6.288721087480191,0
-10.4331749,0.20035728273887726,-1.638774586,0
7.279039759184217,0.27746112721901384,7.4246279934997705,1
-10.61945009,2.297924524170281,1.4002893001884007,0
6.952669835,-8.206743044,-0.775179041,0
0.33030130893246296,-2.478977473,6.082888568714702,0
-1.693410927,10.173812720105769,5.270889544694613,1
4.754168485018998,2.7964949069544214,-5.318477955,1
-2.155481688,2.8637568342860793,3.3877851679385858,0
6.535919225406287,-2.337205048,-4.300766925,0
4.295520963927653,-4.04813288,4.366559180352061,1
5.998680882075189,2.280765179135277,-1.78789516,1
0.20541113071939784,2.9673295980161956,0.050927593560367315,0
10.991481693352462,-4.953354653,-5.013342937,1
-4.884476934,-2.947899613,-10.8946576,0
-3.148252135,-3.26642351,0.3925701258708814,0
2.0890029160304073,-6.201081682,4.500271213820362,0
9.011211148952736,-1.041425515,7.871856187377858,1
0.9949474720259387,9.943659592976955,5.586417328440952,1
-7.819523174,0.093136853,5.271624874520389,0
0.15273290520308444,-0.184417654,6.348823751571519,0
-3.549270911,0.087578066,1.6181288230455935,0
-1.668954802,-0.100645519,3.8751163161208515,0
2.1641881074999696,-4.04358766,-5.520619929,0
-3.945510901,0.006242279,-0.799698939,0
-4.159787466,-2.990752263,-7.600196426,0
2.089268516,-0.200093627,-6.298936717,0
0.1431025209389141,6.713110052551766,-3.699679265,0
6.575688328604862,-1.617287362,0.989140839,1
0.4887540121109264,7.007617080026227,0.7921692339276586,1
-5.709507096,-6.554851852,-7.664605267,0
-8.55985082,0.23067529477842463,-4.791872401,0
-0.404058065,-3.51929518,-3.853921504,0
-2.404226704,3.517927773216942,4.645725738843455,0
1.855862763245196,-4.949112748,3.218156377266692,0
3.444483333039661,1.3732360180622227,-3.01810218,0
3.544297876835701,2.1140928733833073,-15.58428296,0
3.2222601670552113,-9.568713354,3.3178078829569073,0
-0.770361992,5.9680584037459905,-0.490806056,0
-4.4330713,-0.736768323,5.2990314746688725,0
0.13123308930793692,-0.571675799,3.7177675775416845,0
1.0517968331490646,-0.029637029,6.830300342016658,1
7.775570160295339,3.066631131643506,-1.429795757,1
7.484554967604136,5.915597786658536,3.594485827641458,1
-6.080382904,0.7033595165398046,-3.718360874,0
-0.795061258,1.2002846464835935,0.5007970404531175,0
-2.375875529,6.364768744599553,-8.480656334,0
3.650917655648072,-9.287416358,1.9129906836173145,0
-4.434521631,4.391518788662652,0.4322626200379673,0
1.2385318923341215,-5.091396628,-3.272850675,0
1.0360869670547668,2.9178496345465197,14.645481208819307,1
1.1142916155174336,4.880187626844629,-7.784669663,0
-6.649459307,-1.777473873,-5.987138478,0
7.431996267331923,-2.051093464,6.910909441965693,1
7.433912370428154,0.21389859941783446,2.508998769038195,1
-0.280497367,2.6921850017726934,2.4167092589028587,0
-0.618248129,2.5248499073142017,8.618481378336309,1
3.5650811485546887,1.6289980682031278,0.6238476052160621,1
-5.063365619,-5.136484385,1.6167826574012931,0
-6.84695562,-3.831637995,6.407556701820666,0
9.571148485,-8.329780384,8.133247812,1
-1.057191454,-0.075025435,-0.567058153,0
5.4027206351274355,-8.038382895,2.280818056775667,0
-4.724350987,2.8539426469078686,7.713981691465259,0
-0.002086632,1.8707754298540127,2.0477588911884568,0
-3.997967498,7.558196749421592,8.532341236304944,1
3.508916860585145,0.36642716003822734,-2.309469077,0
-3.132451116,8.554182912733278,7.072075213645118,1
-0.318307444,-7.899652648,-14.16005935,0
-5.417133301,-0.65310198,7.003445172215007,0
-3.258281045,2.5240772817025086,6.515904808242162,0
0.6426815842802408,-0.712239344,-6.543817571,0
-6.012376541,2.0804981720791167,-1.004537666,0
0.6126565882665077,-0.236388578,3.320720246793252,0
-3.923437057,-1.677903218,9.480911143,0
-3.998930692,-1.407877154,-2.94693351,0
2.223906812036251,5.111961612210347,-2.491058093,1
-2.157071706,-1.394908027,2.6491689173747885,0
-3.696976513,-1.87979983,-11.86096936,0
-6.908725047,-0.56221878,4.489320866015607,0
1.475378916509312,-5.493842283,-7.001281041,0
0.8734004644908437,-8.264018211,5.329634093584445,0
0.3194809582508913,-8.036600796,-4.829769294,0
-3.621556596,-3.865962551,-7.449665041,0
-4.37331261,-3.422007781,-3.556428778,0
5.639783124666903,0.5241390141360729,-4.966286087,0
-1.67310803,-4.397785487,-1.500033295,0
4.377545765706916,1.261353903060627,11.428005907640333,1
1.879637128837401,-4.56797255,4.048703654072237,0
5.399656085712678,5.470834957219719,-5.471204765,1
-0.738187073,5.659059784142263,-8.423644794,0
-2.497083805,-7.134688427,-4.662851149,0
-5.062285764,6.252849162717174,-1.172690175,0
-4.316777907,-5.178028657,0.7083358243576515,0
-0.055678137,6.720371873367135,2.5000834792865128,1
-7.15898889,-3.144903538,5.350362560354886,0
-3.105413489,8.672860874618545,-5.491447157,0
2.8630667652039508,-4.306077767,-2.547975665,0
5.492908241155733,-0.635335814,4.067261225570535,1
2.3664529745739973,3.769328417811504,-4.440941055,0
-1.107871991,2.121263090504351,-4.245364363,0
8.147500216161642,-3.886140211,-1.500017885,1
-5.032795324,-10.71654033,8.984592613,0
-1.021694685,-2.239574192,-0.993575308,0
7.099319860982178,-4.82553304,3.397839328825412,1
-2.118941243,-2.983354278,2.835291062600912,0
4.941202868713485,-2.569514751,-3.844245798,0
-5.845478737,5.517518833641878,-2.876279974,0
-9.245653636,7.049760691980731,-6.84929751,0
3.8973026562953073,0.9171432333376237,1.4395771610763919,1
-2.921876377,1.8279573011231802,-8.338899464,0
2.940188743699064,7.785050207660801,4.420135987131631,1
-10.09770043,-4.921045011,-0.93897461,0
2.4346865246996634,-0.533263368,-2.466071936,0
2.976501538461464,5.820758831124832,-1.161470036,1
3.6446493369261965,-12.89525373,-4.687546931,0
-1.606294685,-2.442831104,1.6639910870222738,0
5.0687527374913035,2.5333451301419423,-3.111127359,1
-7.613840453,2.784820602894435,-9.190883698,0
3.2651864170321425,-0.942245411,-5.87917494,0
1.4362865623339638,-0.014380513,-0.182986465,0
-0.421116483,2.0976205421307075,4.622170109792547,0
2.483075992419258,5.060665949111548,-0.220698594,1
8.092296621159873,2.8555491106491133,-2.718470148,1
-5.469475284,1.0289840186703998,-6.532607615,0
-4.866879838,1.1954354018679962,-3.039437231,0
-4.666581201,-0.17237523,0.3633894955189494,0
-1.029170126,-1.887734595,4.273213643562243,0
1.712136756434138,-1.117130561,12.321609667576826,1
0.9691586846420653,5.660025668386649,-2.804905016,0
-6.814704736,-3.958782578,-1.340048917,0
-2.483041049,6.681930911613968,-0.60020561,0
2.3073443872056996,-0.23240578,-2.167771664,0
0.189980067,8.570257348853659,-3.839742959,0
3.834952252797756,-5.130036258,-2.298132211,0
0.017916029772918233,1.6318754486349536,7.41564314,1
-0.250413207,-4.218078033,3.2502098652538485,0
-1.820849045,1.1934078546591769,-0.581112198,0
-9.717284256,2.5414959279698657,2.9168400341064937,0
4.633023841543027,9.002313812301137,-5.975518867,1
2.5825372214087974,2.046474983204777,-2.095409964,0
1.985531182248894,2.4982347755598298,-6.09341915,0
1.231113806382161,-4.58992153,-3.2592825,0
-8.873724076,-2.366804628,-1.017853357,0
2.749284336481954,0.004499633,-7.711440754,0
4.310740284421336,-0.592933118,2.4418529521482872,1
4.829680592298506,7.113023744845174,9.806134946825077,1
-0.361193793,1.5556222304682676,-5.391805454,0
5.308000850176305,-5.924437223,-9.026258443,0
4.151930026701959,-2.608482625,3.888036406711202,1
2.0403732467308435,-8.150013255,-13.59839682,0
-5.483008735,0.082457435,-6.108881673,0
-3.263807247,-7.294703653,0.8493897989846222,0
0.454129635,-2.40696312,6.985326506568713,0
7.488575136597817,2.826336012682255,-8.998855907,1
-5.523450736,2.035651655416241,-3.142787901,0
-2.435457159,4.494836973,2.5543741094620875,0
6.570772169069744,-2.146046483,6.876127102234486,1
-2.770656235,7.497457450693815,0.5291732180838934,0
-4.302548736,-8.156097538,-1.507361574,0
-1.28116349,4.288309550612261,-0.552952514,0
-2.162159893,5.385187364737682,-1.124132806,0
-2.881209081,2.873044586462864,-2.449141094,0
3.2940107084575647,-2.984585559,-1.114795915,0
0.7608848779413317,-1.870631601,-0.067257347,0
4.0773598462003005,2.0530089566002383,2.4048492501731173,1
-3.177152193,4.264148841,3.347811702545413,0
5.022095961308124,-3.631829161,-0.862292983,0
3.167669512302002,-3.044075587,-1.130612349,0
9.629028687297636,9.758805061339068,6.199702749136801,1
4.692925681248841,-5.096255748,2.5628111571306116,0
-1.795582975,-5.292859488,-2.545029193,0
0.5783253702317328,-2.736777871,-2.753997129,0
3.960207492114871,0.7205324256161592,1.167290398,1
0.5593619844814918,-3.378515717,-6.85285959,0
1.5528235521023923,-2.535183161,-10.05391134,0
-1.96283629,-5.461089707,3.4932511715387764,0
2.608126136,2.484465724192348,-3.325208091,0
3.657757909,1.598248915670365,-2.049272692,0
-2.266687161,4.463540764368501,-2.368020285,0
1.5182823676313915,5.169784934063918,9.546713127785543,1
8.319365622188649,4.5041138210451495,-7.529556758,1
-3.445242147,-2.740435937,8.265749162826605,0
-3.496589705,1.9308318854918458,0.5043353162865589,0
-4.675636047,1.9091200480969193,1.9914804309874625,0
-6.278874409,6.114387235267049,-10.43255014,0
-2.953785765,4.859851469327878,-5.966289167,0
1.751329598,-6.481801941,-0.465120722,0
-11.56886557,-4.212858509,-7.714607236,0
-2.008818711,-2.076156979,-3.368320857,0
3.9895659828337275,-4.434398019,3.171933365945256,0
8.146378849794308,0.6953207515234128,-4.288351023,1
-6.246692574,-3.548925501,3.523213603749455,0
0.7779536748444875,4.683976081269944,3.851654397,1
0.7040532593911796,2.367441308332311,9.276231047102396,1
7.078281130873401,-1.513730085,4.9483972096794515,1
2.929254029089678,5.681940387698697,3.3580828601795485,1
-4.870837175,-8.098422827,2.8631350860254283,0
9.513090991849156,-3.87832054,-0.94044869,1
-5.178738631,5.889147523528299,-11.52583428,0
-11.31830151,1.8750995991007664,-0.411718234,0
-2.398115075,-1.505473933,2.684939572281808,0
-2.069019945,-5.484624859,-4.63681464,0
4.441694309984213,-2.623709775,-6.926387919,0
0.5108916347198537,2.524973608900056,6.644803737766117,1
1.089516935608345,-3.298556236,2.3700393363851484,0
3.635874350102182,-0.194526533,-0.222996964,0
1.3006645246938384,-0.349282491,1.2505695344156278,0
-5.109566622,-5.752188849,-4.180556898,0
3.211054716647129,1.2939878367030435,5.201194821247793,1
-0.933454611,-5.718206979,5.722767676,0
-0.093835278,6.417275181332627,2.989732456960903,1
10.943093394114186,-1.098864929,4.503619525445903,1
4.456820532,-2.775631727,-0.862411586,0
-7.308691711,-7.743980685,0.6328440076538748,0
3.9650353534871368,3.1901201674772746,1.7001229912982632,1
4.315085765755457,-2.948488978,-1.362663742,0
3.6876075670694086,2.1655936472446666,-1.050944069,1
6.603971930639573,-6.460006255,-2.593393436,0
-1.416988872,4.082674398868852,0.011925989576175812,0
-6.307458734,2.5700208990803173,5.437731577334473,0
3.6965226656651313,3.0957746080274444,-9.371567484,0
-4.499432384,2.4104030433610055,-0.274440924,0
2.61278801,-6.331713385,-0.307473821,0
-6.948905094,-9.768392813,1.478895442534436,0
4.2129439822849015,1.228082139508879,-0.164982401,1
-7.810071709,5.030535335487736,-0.220224487,0
9.797810026,4.711571541384833,-10.02562713,1
3.7752484012794394,-6.982676188,-3.797477452,0
-1.253783384,-0.470312252,1.987826078087331,0
-5.114275204,-5.753460021,3.0030260086653806,0
-0.06625134,0.8718652435076281,-10.96841676,0
-0.885686917,-4.453645915,-4.603131865,0
4.6096740211228875,-5.478356145,-5.464483032,0
-1.655053017,2.251444153236721,-4.420073649,0
6.170720178900307,7.249237626806094,-4.407235332,1
-1.225408778,-3.893377363,-8.426910524,0
1.515055252280787,3.6679743411468477,10.059321315632808,1
-4.487047518,6.681175454063105,6.711768456289766,0
0.9892665478357654,3.010817447880319,4.366365241503518,1
9.870499741209498,2.389042813082347,-0.300689428,1
-4.330843995,1.5266037750624903,5.120824664,0
1.2230518066473597,-3.899616245,0.4453810124828167,0
-0.645767412,1.3236937887785363,-8.309241836,0
2.7539430705136567,2.9771157838186153,2.224267190932543,1
-0.018814086,-9.029681313,-0.09661396,0
5.303574996710848,-4.300644381,-9.946347331,0
-7.702789859,1.5701284591030156,1.8643800442621878,0
4.431465973,-0.276294979,-7.50164188,0
-4.092520703,4.094196862996739,0.7024795371973795,0
3.2491481733998935,2.1739440273051986,-1.024802759,1
-0.870034188,9.285511348779298,2.0733713330461043,1
-0.642937752,2.2770999546840476,1.1145290981213667,0
-10.78678187,3.250422571861572,9.104696370448377,0
-3.901399342,7.270178744195835,-1.284348487,0
1.4673569882491113,5.351800085,-3.600007156,0
6.212469564092356,-6.071086407,-4.375773745,0
-2.967601587,3.310026832259511,-1.704372053,0
-7.599872298,-1.082664359,-3.921106913,0
3.6564681042018425,-1.716175272,0.35387037950325684,0
-2.027362286,2.1696948411514447,-0.917953817,0
1.6259935734353266,-12.96694282,0.4862543848889307,0
2.0695683505511657,-0.996400275,3.346962356962707,0
3.6930351449641035,6.521069459247515,0.5240580403614082,1
-9.569003523,-11.42749724,-8.00920476,0
-0.189535306,-0.786526441,1.3811992600998688,0
-3.126229613,-3.682455858,2.7752397120521706,0
3.2796220568625096,-1.283250677,-0.192383291,0
2.0215717166449556,2.5217178758149728,-5.719903498,0
-3.59786928,-6.152730228,-2.534533074,0
4.061667946709155,2.7313593347188276,-5.490489802,0
2.5613336341299093,0.42921552671225993,-2.469633535,0
-7.032298276,-0.874116858,3.3997200305797777,0
-10.81548824,-1.980615989,11.271418494024811,0
3.363183592840469,1.299162475,-3.685925848,0
-3.391649189,-0.416441978,8.014318147,0
2.3279459544746524,-4.360791989,5.883934811919319,0
-1.462971036,8.486732405069745,-2.833015123,0
-5.016328785,0.873147889,4.911634919,0
5.187223983654551,0.7959588333440576,-4.94048344,0
-2.526703609,-10.09140934,-4.565607688,0
-0.892284074,1.9450107032673958,-1.697271607,0
-0.284895275,-1.980927224,3.755126520948851,0
-4.495564692,4.187739570731632,9.804404062569553,0
2.3639482801096556,-2.635458051,-2.68135072,0
6.049186110920488,-5.632947129,-4.769022101,0
-5.822242269,-6.392569203,-5.224081597,0
3.9495247089274654,5.511412822940121,-3.485365362,1
1.0366702302284494,3.7957833755411707,0.5028210154858148,0
-4.774713788,-7.352008676,5.052137765627544,0
2.4808970614419024,2.884779466993269,-5.538234505,0
1.1748859644452596,3.144997937284108,1.5701692182357276,1
-3.725116084,5.061302550326678,-7.638159741,0
4.643709624034708,5.405279720435367,7.861651587676124,1
-1.712460951,-4.997150083,3.9694018115419007,0
-3.496076395,0.21997755721994391,-1.587311086,0
-4.510359857,1.604997330924458,-6.960079583,0
2.961028408220197,-4.834655442,-8.658656732,0
-0.250537294,2.158169264056116,2.8846729852661217,0
4.091768654135807,-11.768202,-5.025722155,0
0.5332614725151607,7.595016399680727,3.918722468373639,1
9.506700259240562,-2.624697115,1.3720849764100431,1
-5.499854038,-2.021761098,-3.676478591,0
-3.169943297,-1.967245606,0.013587699453404455,0
0.11106332258242044,2.717267197913627,0.6999423369342967,0
-1.720228144,-2.612892708,-1.535658601,0
-2.245185707,2.4548552759098983,4.327625953356312,0
6.370222689735423,-3.9885138,2.3468611266937502,1
-6.973398208,1.8658735912628908,5.413361410455323,0
-0.747947508,5.363180236294366,-5.692839352,0
-4.443226415,-0.679049213,5.111051772929121,0
-2.087147282,-2.267765505,-4.958141792,0
1.014405222213108,6.233475704472178,3.503400545468462,1
3.4832532716813236,-1.034872375,-2.816546796,0
3.3862295820818513,-0.159555378,-0.868041179,0
4.491203112018078,-0.988937258,-4.188881297,0
4.545942477,0.4035994521693334,-5.185146719,0
-5.564529474,0.4770593791343341,11.687048307391379,0
-1.964103018,-1.681369295,7.618855988085267,0
-0.286405999,-7.242334316,-7.863982263,0
6.133319868937401,3.3317727112509443,4.130628542155964,1
-0.288782792,-3.63356013,-1.085815579,0
0.6801560868718838,-4.191555778,2.8072495477556334,0
-6.297980844,-1.663793823,-1.020039362,0
-3.455099066,-11.02752678,2.239348320556263,0
-3.778753802,6.628539796621857,-1.709911388,0
-2.706797942,0.4576097338943854,5.267198743152241,0
-2.817038316,5.073688474148884,7.201518205088114,1
4.9516140532797275,8.132157454961286,6.463230105062344,1
7.574411469465029,8.021631597078207,1.040347648149819,1
-2.146119498,-11.31121818,-6.613665598,0
-2.241413996,-1.908675436,-0.763972317,0
-5.003802451,-7.978888057,-0.651115832,0
-0.947089644,-4.037770208,-3.710760808,0
-4.700782959,-1.982618695,-4.281514135,0
6.299376657585078,1.2049836602256052,-4.86158959,1
-1.402238907,-5.901428032,5.060841475873939,0
6.9209336229041005,6.260009913765156,-5.723463156,1
-0.456335099,-2.007853378,2.8100655295709083,0
-5.039549016,-3.37945847,-2.066085142,0
0.7664423456621194,3.470643540689432,-1.643638464,0
3.3198253776311093,4.110381783985689,-1.066076184,1
-6.228290664,-5.855951677,2.9586348757578413,0
-2.381122182,-8.563146613,3.064761840915003,0
0.6477726027310948,-7.029835406,5.897099906013229,0
4.183179935788747,0.6937262564508966,-6.371596839,0
-7.011652664,-1.535342434,-8.569576948,0
2.025401365922427,-7.054116567,0.824563646,0
-1.440657264,3.5589263404852205,-4.689737976,0
1.368647248,-6.974200964,3.977747758847035,0
-0.574808831,2.479253344827152,-6.602626734,0
2.4954213783588326,1.5310169815185426,1.8184894635668156,1
1.563169815,-0.967319414,6.206496101579955,1
-0.779489929,-3.695846002,-0.293630967,0
-4.752589727,-2.319982117,-0.886233081,0
-1.897770603,0.9969853640274287,9.728806956531633,0
2.854749199230602,5.361503236440457,-2.518547187,1
-2.935081443,-1.890890234,4.264445486344386,0
-10.74059239,-5.165823876,0.5116792341710994,0
-1.120461835,9.838648411,2.2384160787132816,1
-3.310957218,-7.888035343,-1.702800175,0
-6.516100413,2.3337532520921758,0.8055316112083922,0
1.6001596604636563,10.395883323975186,-4.537329907,1
-0.962021039,-6.062578722,-0.402992581,0
7.966368079750134,2.8436119956023593,-0.572435228,1
1.2581512440994527,-6.05427819,-1.968668558,0
0.42626287285193465,0.49710993354270916,-7.653081222,0
1.638115896173907,1.3959824625710513,-1.885256031,0
0.020874995412501537,-7.417457767,-7.398978077,0
0.673436312,-3.338615955,-0.057777601,0
4.197453361588023,-0.869649652,-14.05334027,0
-0.75326819,-2.40522011,-1.173471772,0
4.498654062857765,-7.89265093,1.2197831195399222,0
7.85151956,-3.129715575,2.3616394309286863,1
4.831528894854011,1.0511571955104708,-3.425484902,1
-3.547605054,3.7190007688299116,2.960745454,0
-3.932342075,-5.882365772,-6.404033571,0
8.308259305923855,-0.339725602,11.801142928267073,1
2.7777280153527144,2.1976116141689923,1.5313624415259184,1
4.995749250986827,-4.830315925,10.800065541853677,1
-0.501508513,-3.517000461,1.5128050114421003,0
5.46169438,-5.037774379,2.8343468622053565,1
-3.582220788,-2.531367666,-2.447412094,0
3.8177073324296025,-5.545363659,0.96308055,0
